{"epoch":0,"trainer/global_step":1699,"_timestamp":1.7339346297799788e+09,"_wandb":{"runtime":698},"_runtime":672.296281008,"_step":33,"train_loss":1.489647626876831}